update_date,corp_date,corp_name,corp_rate,key_id
2016-06-19,2007-11-15,7965,3,796520071115
2016-06-19,2007-11-27,3843,3,384320071127
2016-06-19,2007-11-27,6264,2,626420071127
2016-06-19,2007-11-27,7564,2,756420071127
2016-06-19,2007-11-27,9787,2,978720071127
2016-06-19,2007-12-25,2332,1.3,233220071225
2016-06-19,2007-12-25,4284,1.2,428420071225
2016-06-19,2007-12-25,7613,2,761320071225
2016-06-19,2007-12-25,7839,2,783920071225
2016-06-19,2007-12-25,7846,5,784620071225
2016-06-19,2007-12-25,8732,3,873220071225
2016-06-19,2008-01-28,2144,5,214420080128
2016-06-19,2008-01-28,4708,2,470820080128
2016-06-19,2008-01-28,9960,2,996020080128
2016-06-19,2008-02-01,2709,0.1,270920080201
2016-06-19,2008-02-26,2717,1.1,271720080226
2016-06-19,2008-02-26,9793,1.1,979320080226
2016-06-19,2008-03-26,2059,2,205920080326
2016-06-19,2008-03-26,2120,2,212020080326
2016-06-19,2008-03-26,2136,3,213620080326
2016-06-19,2008-03-26,2159,5,215920080326
2016-06-19,2008-03-26,3079,2,307920080326
2016-06-19,2008-03-26,3837,2,383720080326
2016-06-19,2008-03-26,4241,2,424120080326
2016-06-19,2008-03-26,6482,1.1,648220080326
2016-06-19,2008-03-26,6638,3,663820080326
2016-06-19,2008-03-26,6750,1.5,675020080326
2016-06-19,2008-03-26,7313,2,731320080326
2016-06-19,2008-03-26,7476,1.1,747620080326
2016-06-19,2008-03-26,7541,1.2,754120080326
2016-06-19,2008-03-26,9438,2,943820080326
2016-06-19,2008-03-26,9652,2,965220080326
2016-06-19,2008-03-26,9969,1.05,996920080326
2016-06-19,2008-05-01,6830,0.01,683020080501
2016-06-19,2008-06-25,2371,2,237120080625
2016-06-19,2008-06-25,3859,2,385920080625
2016-06-19,2008-06-25,5970,1.2,597020080625
2016-06-19,2008-07-01,1783,0.1,178320080701
2016-06-19,2008-08-01,7415,0.5,741520080801
2016-06-19,2008-08-26,6634,2,663420080826
2016-06-19,2008-08-26,7456,1.1,745620080826
2016-06-19,2008-09-25,2134,2,213420080925
2016-06-19,2008-09-25,2175,3,217520080925
2016-06-19,2008-09-25,3049,2,304920080925
2016-06-19,2008-09-25,3620,3,362020080925
2016-06-19,2008-09-25,6282,1.2,628220080925
2016-06-19,2009-01-05,2323,100,232320090105
2016-06-19,2009-01-05,2580,500,258020090105
2016-06-19,2009-01-05,3893,100,389320090105
2016-06-19,2009-01-05,4324,100,432420090105
2016-06-19,2009-01-05,4680,100,468020090105
2016-06-19,2009-01-05,4837,100,483720090105
2016-06-19,2009-01-05,6466,100,646620090105
2016-06-19,2009-01-05,7615,100,761520090105
2016-06-19,2009-01-05,8308,100,830820090105
2016-06-19,2009-01-05,8316,100,831620090105
2016-06-19,2009-01-05,8328,1000,832820090105
2016-06-19,2009-01-05,8409,100,840920090105
2016-06-19,2009-01-05,8411,1000,841120090105
2016-06-19,2009-01-05,8458,100,845820090105
2016-06-19,2009-01-05,8894,100,889420090105
2016-06-19,2009-01-05,9020,100,902020090105
2016-06-19,2009-01-05,9432,100,943220090105
2016-06-19,2009-01-05,9479,100,947920090105
2016-06-19,2009-02-24,3092,3,309220090224
2016-06-19,2009-03-02,2749,500,274920090302
2016-06-19,2009-03-16,6861,1.1,686120090316
2016-06-19,2009-03-26,1378,1.2,137820090326
2016-06-19,2009-03-26,1965,1.1,196520090326
2016-06-19,2009-03-26,3248,2,324820090326
2016-06-19,2009-03-26,4301,1.2,430120090326
2016-06-19,2009-03-26,4674,2,467420090326
2016-06-19,2009-03-26,4822,1.5,482220090326
2016-06-19,2009-03-26,6662,4,666220090326
2016-06-19,2009-03-26,7541,1.3,754120090326
2016-06-19,2009-03-26,9792,2,979220090326
2016-06-19,2009-04-01,2652,300,265220090401
2016-06-19,2009-05-13,3073,2,307320090513
2016-06-19,2009-05-21,3064,200,306420090521
2016-06-19,2009-05-26,6312,2,631220090526
2016-06-19,2009-05-28,9968,0.1,996820090528
2016-06-19,2009-06-01,3711,100,371120090601
2016-06-19,2009-06-12,3397,3,339720090612
2016-06-19,2009-06-25,2128,2,212820090625
2016-06-19,2009-06-25,2490,2,249020090625
2016-06-19,2009-06-25,3242,2,324220090625
2016-06-19,2009-06-25,3775,1.3,377520090625
2016-06-19,2009-06-25,6347,1.7586,634720090625
2016-06-19,2009-06-25,9424,5,942420090625
2016-06-19,2009-07-01,2744,100,274420090701
2016-06-19,2009-07-01,3859,200,385920090701
2016-06-19,2009-07-01,4350,200,435020090701
2016-06-19,2009-07-01,6730,100,673020090701
2016-06-19,2009-07-03,8685,0.05,868520090703
2016-06-19,2009-07-06,8918,100,891820090706
2016-06-19,2009-07-28,4574,3,457420090728
2016-06-19,2009-07-28,8421,2,842120090728
2016-06-19,2009-07-31,5856,0.1,585620090731
2016-06-19,2009-08-03,2391,400,239120090803
2016-06-19,2009-08-03,3854,300,385420090803
2016-06-19,2009-08-03,8738,0.1,873820090803
2016-06-19,2009-08-26,2134,3,213420090826
2016-06-19,2009-08-26,2178,3,217820090826
2016-06-19,2009-08-26,3034,2,303420090826
2016-06-19,2009-08-26,6255,2,625520090826
2016-06-19,2009-09-25,2175,2,217520090925
2016-06-19,2009-09-25,2398,2,239820090925
2016-06-19,2009-09-25,2468,2,246820090925
2016-06-19,2009-09-25,3250,2,325020090925
2016-06-19,2009-09-25,3333,2,333320090925
2016-06-19,2009-09-25,3628,2,362820090925
2016-06-19,2009-09-25,3632,2,363220090925
2016-06-19,2009-09-25,4573,2,457320090925
2016-06-19,2009-09-25,7775,2,777520090925
2016-06-19,2009-09-25,8737,1.25,873720090925
2016-06-19,2009-11-02,3264,1.0533,326420091102
2016-06-19,2009-11-02,7954,1.1379,795420091102
2016-06-19,2009-11-06,8844,0.1,884420091106
2016-06-19,2009-11-11,9363,1.0041,936320091111
2016-06-19,2009-11-16,3075,20,307520091116
2016-06-19,2009-11-26,2179,200,217920091126
2016-06-19,2009-11-26,2193,3,219320091126
2016-06-19,2009-11-26,2796,3,279620091126
2016-06-19,2009-11-26,3353,2,335320091126
2016-06-19,2009-12-16,2772,100,277220091216
2016-06-19,2009-12-28,2429,300,242920091228
2016-06-19,2009-12-28,2485,100,248520091228
2016-06-19,2009-12-28,2684,2,268420091228
2016-06-19,2009-12-28,2735,200,273520091228
2016-06-19,2009-12-28,3634,2,363420091228
2016-06-19,2010-01-27,8963,5,896320100127
2016-06-19,2010-02-24,3093,200,309320100224
2016-06-19,2010-02-24,3228,200,322820100224
2016-06-19,2010-02-24,7730,2,773020100224
2016-06-19,2010-02-24,8953,4,895320100224
2016-06-19,2010-02-24,9381,200,938120100224
2016-06-19,2010-03-29,2155,2,215520100329
2016-06-19,2010-03-29,2222,2,222220100329
2016-06-19,2010-03-29,2335,2,233520100329
2016-06-19,2010-03-29,2656,2,265620100329
2016-06-19,2010-03-29,3062,0.2,306220100329
2016-06-19,2010-03-29,4282,2,428220100329
2016-06-19,2010-03-29,4345,2,434520100329
2016-06-19,2010-03-29,7826,2,782620100329
2016-06-19,2010-03-29,8282,1.2,828220100329
2016-06-19,2010-03-29,8703,200,870320100329
2016-06-19,2010-03-29,8897,1.2298,889720100329
2016-06-19,2010-03-29,9422,400,942220100329
2016-06-19,2010-04-27,2695,200,269520100427
2016-06-19,2010-04-27,4712,2,471220100427
2016-06-19,2010-04-27,8880,2,888020100427
2016-06-19,2010-05-27,2432,300,243220100527
2016-06-19,2010-05-27,3627,3,362720100527
2016-06-19,2010-05-27,9446,500,944620100527
2016-06-19,2010-06-28,2154,5,215420100628
2016-06-19,2010-06-28,2193,2,219320100628
2016-06-19,2010-06-28,3054,300,305420100628
2016-06-19,2010-06-28,3250,2,325020100628
2016-06-19,2010-06-28,3836,200,383620100628
2016-06-19,2010-06-28,7707,2,770720100628
2016-06-19,2010-06-28,8986,4,898620100628
2016-06-19,2010-06-28,9405,10,940520100628
2016-06-19,2010-07-28,2311,200,231120100728
2016-06-19,2010-07-28,3036,2,303620100728
2016-06-19,2010-07-28,3121,0.1,312120100728
2016-06-19,2010-07-28,6632,0.1,663220100728
2016-06-19,2010-07-29,3113,0.1,311320100729
2016-06-19,2010-08-20,3064,2,306420100820
2016-06-19,2010-08-27,3815,2,381520100827
2016-06-19,2010-09-15,7821,2,782120100915
2016-06-19,2010-09-28,2138,2,213820100928
2016-06-19,2010-09-28,2148,100,214820100928
2016-06-19,2010-09-28,2418,3,241820100928
2016-06-19,2010-09-28,3360,100,336020100928
2016-06-19,2010-09-28,3393,200,339320100928
2016-06-19,2010-09-28,3632,5,363220100928
2016-06-19,2010-09-28,6401,1000,640120100928
2016-06-19,2010-09-28,6833,2,683320100928
2016-06-19,2010-09-28,7728,2,772820100928
2016-06-19,2010-09-28,8113,3,811320100928
2016-06-19,2010-09-28,8945,100,894520100928
2016-06-19,2010-09-28,8966,4,896620100928
2016-06-19,2010-10-18,8900,1.4348,890020101018
2016-06-19,2010-10-22,4571,1.0909,457120101022
2016-06-19,2010-11-10,2427,100,242720101110
2016-06-19,2010-11-26,2153,20,215320101126
2016-06-19,2010-11-26,3089,200,308920101126
2016-06-19,2010-11-26,3097,3,309720101126
2016-06-19,2010-11-26,6476,0.1,647620101126
2016-06-19,2010-11-26,8960,6,896020101126
2016-06-19,2010-12-16,4919,1.1,491920101216
2016-06-19,2010-12-28,2193,2,219320101228
2016-06-19,2010-12-28,3085,100,308520101228
2016-06-19,2010-12-28,3639,3,363920101228
2016-06-19,2010-12-28,3730,200,373020101228
2016-06-19,2010-12-28,4330,5,433020101228
2016-06-19,2010-12-28,4955,2,495520101228
2016-06-19,2010-12-28,6661,200,666120101228
2016-06-19,2011-01-27,2163,3,216320110127
2016-06-19,2011-01-27,3092,300,309220110127
2016-06-19,2011-01-27,3228,2,322820110127
2016-06-19,2011-01-27,3271,4,327120110127
2016-06-19,2011-02-04,3845,4,384520110204
2016-06-19,2011-02-23,9822,0.1,982220110223
2016-06-19,2011-02-24,2138,2,213820110224
2016-06-19,2011-02-24,2164,200,216420110224
2016-06-19,2011-02-24,3587,0.1,358720110224
2016-06-19,2011-02-24,3711,2,371120110224
2016-06-19,2011-02-24,6630,2,663020110224
2016-06-19,2011-03-11,3235,5,323520110311
2016-06-19,2011-03-29,1412,2,141220110329
2016-06-19,2011-03-29,2162,5,216220110329
2016-06-19,2011-03-29,2309,20,230920110329
2016-06-19,2011-03-29,2335,1.5,233520110329
2016-06-19,2011-03-29,2352,200,235220110329
2016-06-19,2011-03-29,2440,100,244020110329
2016-06-19,2011-03-29,2479,2,247920110329
2016-06-19,2011-03-29,3047,4,304720110329
2016-06-19,2011-03-29,3058,2,305820110329
2016-06-19,2011-03-29,3163,3,316320110329
2016-06-19,2011-03-29,3254,200,325420110329
2016-06-19,2011-03-29,4320,100,432020110329
2016-06-19,2011-03-29,4923,1.1,492320110329
2016-06-19,2011-03-29,4974,400,497420110329
2016-06-19,2011-03-29,6324,300,632420110329
2016-06-19,2011-03-29,6869,2,686920110329
2016-06-19,2011-03-29,7148,2,714820110329
2016-06-19,2011-03-29,8729,200,872920110329
2016-06-19,2011-03-29,8771,200,877120110329
2016-06-19,2011-04-26,1773,5,177320110426
2016-06-19,2011-04-26,3031,2,303120110426
2016-06-19,2011-04-26,4355,200,435520110426
2016-06-19,2011-05-11,7954,0.1,795420110511
2016-06-19,2011-05-11,8710,0.1,871020110511
2016-06-19,2011-05-13,8836,0.1,883620110513
2016-06-19,2011-05-27,1401,100,140120110527
2016-06-19,2011-05-27,2303,2,230320110527
2016-06-19,2011-05-27,2405,20,240520110527
2016-06-19,2011-05-27,2419,300,241920110527
2016-06-19,2011-05-27,2462,200,246220110527
2016-06-19,2011-05-27,2749,2,274920110527
2016-06-19,2011-06-28,1408,2,140820110628
2016-06-19,2011-06-28,1413,300,141320110628
2016-06-19,2011-06-28,2757,300,275720110628
2016-06-19,2011-06-28,3154,3,315420110628
2016-06-19,2011-06-28,3775,1.3,377520110628
2016-06-19,2011-06-28,3853,200,385320110628
2016-06-19,2011-06-28,3859,2,385920110628
2016-06-19,2011-06-28,6819,0.1,681920110628
2016-06-19,2011-06-28,7825,100,782520110628
2016-06-19,2011-06-28,9021,100,902120110628
2016-06-19,2011-07-12,4233,0.1,423320110712
2016-06-19,2011-07-20,3779,0.1,377920110720
2016-06-19,2011-07-27,2371,200,237120110727
2016-06-19,2011-07-27,2764,2,276420110727
2016-06-19,2011-07-27,3246,200,324620110727
2016-06-19,2011-07-27,3441,10,344120110727
2016-06-19,2011-07-27,6334,0.1,633420110727
2016-06-19,2011-07-27,6387,1.2,638720110727
2016-06-19,2011-08-11,2786,100,278620110811
2016-06-19,2011-08-11,3064,2,306420110811
2016-06-19,2011-08-29,1407,1.5,140720110829
2016-06-19,2011-08-29,2157,400,215720110829
2016-06-19,2011-08-29,2927,10,292720110829
2016-06-19,2011-08-29,3141,1.1,314120110829
2016-06-19,2011-08-29,3646,4,364620110829
2016-06-19,2011-08-29,6812,0.2,681220110829
2016-06-19,2011-08-29,7447,2,744720110829
2016-06-19,2011-08-29,7818,2,781820110829
2016-06-19,2011-09-28,1805,0.2,180520110928
2016-06-19,2011-09-28,2120,100,212020110928
2016-06-19,2011-09-28,2158,2,215820110928
2016-06-19,2011-09-28,2413,2,241320110928
2016-06-19,2011-09-28,2497,100,249720110928
2016-06-19,2011-09-28,2769,2,276920110928
2016-06-19,2011-09-28,3011,0.1,301120110928
2016-06-19,2011-09-28,3034,2,303420110928
2016-06-19,2011-09-28,3079,2,307920110928
2016-06-19,2011-09-28,3251,100,325120110928
2016-06-19,2011-09-28,3397,200,339720110928
2016-06-19,2011-09-28,3778,200,377820110928
2016-06-19,2011-09-28,3793,5,379320110928
2016-06-19,2011-09-28,4290,200,429020110928
2016-06-19,2011-09-28,4336,100,433620110928
2016-06-19,2011-09-28,4708,2,470820110928
2016-06-19,2011-09-28,6670,100,667020110928
2016-06-19,2011-09-28,7541,1.5,754120110928
2016-06-19,2011-09-28,7570,1.1,757020110928
2016-06-19,2011-09-28,8086,2,808620110928
2016-06-19,2011-09-28,8630,0.25,863020110928
2016-06-19,2011-09-28,8715,4,871520110928
2016-06-19,2011-09-28,8767,300,876720110928
2016-06-19,2011-09-28,8795,2,879520110928
2016-06-19,2011-09-28,8798,100,879820110928
2016-06-19,2011-09-28,9707,0.1,970720110928
2016-06-19,2011-10-27,2186,2,218620111027
2016-06-19,2011-10-27,7148,3,714820111027
2016-06-19,2011-10-27,8975,7,897520111027
2016-06-19,2011-11-15,3366,100,336620111115
2016-06-19,2011-11-28,2796,3,279620111128
2016-06-19,2011-11-28,3166,1.2,316620111128
2016-06-19,2011-11-28,3228,2,322820111128
2016-06-19,2011-11-28,7552,2,755220111128
2016-06-19,2011-11-28,8410,1000,841020111128
2016-06-19,2011-11-28,8887,2,888720111128
2016-06-19,2011-12-15,3727,100,372720111215
2016-06-19,2011-12-28,2177,2,217720111228
2016-06-19,2011-12-28,2384,100,238420111228
2016-06-19,2011-12-28,3113,1.0811,311320111228
2016-06-19,2011-12-28,3385,100,338520111228
2016-06-19,2011-12-28,3831,200,383120111228
2016-06-19,2011-12-28,4286,2,428620111228
2016-06-19,2011-12-28,7438,2,743820111228
2016-06-19,2011-12-28,8283,1.5,828320111228
2016-06-19,2012-01-27,3656,5,365620120127
2016-06-19,2012-01-27,3811,200,381120120127
2016-06-19,2012-01-27,9994,1.1,999420120127
2016-06-19,2012-02-27,3243,300,324320120227
2016-06-19,2012-02-27,3655,3,365520120227
2016-06-19,2012-02-27,7611,1.2,761120120227
2016-06-19,2012-03-15,6861,1.1,686120120315
2016-06-19,2012-03-28,2127,200,212720120328
2016-06-19,2012-03-28,2130,100,213020120328
2016-06-19,2012-03-28,2158,2,215820120328
2016-06-19,2012-03-28,2173,200,217320120328
2016-06-19,2012-03-28,2198,2,219820120328
2016-06-19,2012-03-28,2487,3,248720120328
2016-06-19,2012-03-28,2782,500,278220120328
2016-06-19,2012-03-28,2882,3,288220120328
2016-06-19,2012-03-28,3034,100,303420120328
2016-06-19,2012-03-28,3276,2,327620120328
2016-06-19,2012-03-28,3392,200,339220120328
2016-06-19,2012-03-28,3640,2,364020120328
2016-06-19,2012-03-28,3750,1.5294,375020120328
2016-06-19,2012-03-28,3756,3,375620120328
2016-06-19,2012-03-28,3844,300,384420120328
2016-06-19,2012-03-28,4350,2,435020120328
2016-06-19,2012-03-28,4583,2,458320120328
2016-06-19,2012-03-28,4719,1.2,471920120328
2016-06-19,2012-03-28,4771,100,477120120328
2016-06-19,2012-03-28,4923,1.1,492320120328
2016-06-19,2012-03-28,6638,200,663820120328
2016-06-19,2012-03-28,7518,200,751820120328
2016-06-19,2012-03-28,8985,12,898520120328
2016-06-19,2012-03-28,8999,100,899920120328
2016-06-19,2012-04-25,2438,100,243820120425
2016-06-19,2012-04-25,3654,2,365420120425
2016-06-19,2012-04-25,3843,400,384320120425
2016-06-19,2012-04-25,7968,0.1,796820120425
2016-06-19,2012-04-25,8945,2,894520120425
2016-06-19,2012-05-29,2130,2,213020120529
2016-06-19,2012-05-29,2303,100,230320120529
2016-06-19,2012-05-29,2687,2,268720120529
2016-06-19,2012-05-29,3021,100,302120120529
2016-06-19,2012-05-29,3073,2,307320120529
2016-06-19,2012-05-29,3353,100,335320120529
2016-06-19,2012-05-29,3662,3,366220120529
2016-06-19,2012-05-29,4350,2,435020120529
2016-06-19,2012-05-29,8508,2,850820120529
2016-06-19,2012-05-29,8767,2,876720120529
2016-06-19,2012-05-29,9206,2,920620120529
2016-06-19,2012-06-14,1773,1.0666,177320120614
2016-06-19,2012-06-27,2170,2,217020120627
2016-06-19,2012-06-27,2369,100,236920120627
2016-06-19,2012-06-27,2428,100,242820120627
2016-06-19,2012-06-27,2914,200,291420120627
2016-06-19,2012-06-27,3082,200,308220120627
2016-06-19,2012-06-27,3166,1.5,316620120627
2016-06-19,2012-06-27,3242,2,324220120627
2016-06-19,2012-06-27,3620,100,362020120627
2016-06-19,2012-06-27,3660,2,366020120627
2016-06-19,2012-06-27,3769,200,376920120627
2016-06-19,2012-06-27,3775,1.3,377520120627
2016-06-19,2012-06-27,3808,100,380820120627
2016-06-19,2012-06-27,3831,2,383120120627
2016-06-19,2012-06-27,4755,100,475520120627
2016-06-19,2012-06-27,6054,2,605420120627
2016-06-19,2012-06-27,6156,100,615620120627
2016-06-19,2012-06-27,6874,1.2,687420120627
2016-06-19,2012-06-27,9384,2,938420120627
2016-06-19,2012-07-11,1757,0.01,175720120711
2016-06-19,2012-07-27,3661,2,366120120727
2016-06-19,2012-07-27,8714,0.2,871420120727
2016-06-19,2012-08-29,2196,3,219620120829
2016-06-19,2012-08-29,2379,100,237920120829
2016-06-19,2012-08-29,3085,3,308520120829
2016-06-19,2012-08-29,3170,2,317020120829
2016-06-19,2012-08-29,3826,200,382620120829
2016-06-19,2012-08-29,7777,2,777720120829
2016-06-19,2012-08-29,7847,100,784720120829
2016-06-19,2012-09-26,1890,0.2,189020120926
2016-06-19,2012-09-26,1929,0.25,192920120926
2016-06-19,2012-09-26,2132,500,213220120926
2016-06-19,2012-09-26,2176,100,217620120926
2016-06-19,2012-09-26,2179,2,217920120926
2016-06-19,2012-09-26,2345,100,234520120926
2016-06-19,2012-09-26,2374,100,237420120926
2016-06-19,2012-09-26,2413,3,241320120926
2016-06-19,2012-09-26,2468,200,246820120926
2016-06-19,2012-09-26,2656,100,265620120926
2016-06-19,2012-09-26,2767,100,276720120926
2016-06-19,2012-09-26,2928,100,292820120926
2016-06-19,2012-09-26,3069,100,306920120926
2016-06-19,2012-09-26,3079,2,307920120926
2016-06-19,2012-09-26,3276,2,327620120926
2016-06-19,2012-09-26,3620,2,362020120926
2016-06-19,2012-09-26,3640,2,364020120926
2016-06-19,2012-09-26,3649,2,364920120926
2016-06-19,2012-09-26,3738,200,373820120926
2016-06-19,2012-09-26,3768,100,376820120926
2016-06-19,2012-09-26,3774,200,377420120926
2016-06-19,2012-09-26,3785,100,378520120926
2016-06-19,2012-09-26,3794,2,379420120926
2016-06-19,2012-09-26,4239,200,423920120926
2016-06-19,2012-09-26,4298,2,429820120926
2016-06-19,2012-09-26,4344,100,434420120926
2016-06-19,2012-09-26,4345,100,434520120926
2016-06-19,2012-09-26,5009,0.1,500920120926
2016-06-19,2012-09-26,6157,2,615720120926
2016-06-19,2012-09-26,6993,0.1,699320120926
2016-06-19,2012-09-26,7749,10,774920120926
2016-06-19,2012-09-26,7837,100,783720120926
2016-06-19,2012-09-26,8014,0.1,801420120926
2016-06-19,2012-09-26,8473,10,847320120926
2016-06-19,2012-09-26,8803,0.2,880320120926
2016-06-19,2012-09-26,8938,100,893820120926
2016-06-19,2012-09-26,9022,100,902220120926
2016-06-19,2012-09-26,9404,10,940420120926
2016-06-19,2012-09-26,9409,100,940920120926
2016-06-19,2012-09-26,9433,100,943320120926
2016-06-19,2012-09-26,9436,100,943620120926
2016-06-19,2012-09-26,9478,100,947820120926
2016-06-19,2012-10-12,3250,1.157,325020121012
2016-06-19,2012-10-29,3658,2,365820121029
2016-06-19,2012-11-28,2459,100,245920121128
2016-06-19,2012-11-28,2471,100,247120121128
2016-06-19,2012-11-28,3230,100,323020121128
2016-06-19,2012-11-28,3655,2,365520121128
2016-06-19,2012-11-28,7835,100,783520121128
2016-06-19,2012-11-28,8892,100,889220121128
2016-06-19,2012-12-06,2180,4,218020121206
2016-06-19,2012-12-26,1408,2,140820121226
2016-06-19,2012-12-26,2124,10,212420121226
2016-06-19,2012-12-26,2169,200,216920121226
2016-06-19,2012-12-26,2174,100,217420121226
2016-06-19,2012-12-26,2325,100,232520121226
2016-06-19,2012-12-26,2375,300,237520121226
2016-06-19,2012-12-26,2389,200,238920121226
2016-06-19,2012-12-26,2461,100,246120121226
2016-06-19,2012-12-26,2485,2,248520121226
2016-06-19,2012-12-26,2492,200,249220121226
2016-06-19,2012-12-26,3241,1000,324120121226
2016-06-19,2012-12-26,3386,100,338620121226
2016-06-19,2012-12-26,3622,100,362220121226
2016-06-19,2012-12-26,3661,2,366120121226
2016-06-19,2012-12-26,4286,100,428620121226
2016-06-19,2012-12-26,6065,3,606520121226
2016-06-19,2012-12-26,6067,3,606720121226
2016-06-19,2012-12-26,6069,2,606920121226
2016-06-19,2012-12-26,6134,2,613420121226
2016-06-19,2012-12-26,6769,100,676920121226
2016-06-19,2012-12-26,8697,100,869720121226
2016-06-19,2012-12-26,8909,100,890920121226
2016-06-19,2012-12-26,8946,100,894620121226
2016-06-19,2012-12-26,9441,100,944120121226
2016-06-19,2013-01-04,3657,2,365720130104
2016-06-19,2013-01-07,8737,0.1,873720130107
2016-06-19,2013-01-29,3070,200,307020130129
2016-06-19,2013-01-29,3175,3,317520130129
2016-06-19,2013-01-29,3399,100,339920130129
2016-06-19,2013-01-29,3654,2,365420130129
2016-06-19,2013-01-29,8912,100,891220130129
2016-06-19,2013-02-06,2930,4,293020130206
2016-06-19,2013-02-13,3629,2,362920130213
2016-06-19,2013-02-26,2338,100,233820130226
2016-06-19,2013-02-26,2484,100,248420130226
2016-06-19,2013-02-26,2726,2,272620130226
2016-06-19,2013-02-26,2735,2,273520130226
2016-06-19,2013-02-26,2764,300,276420130226
2016-06-19,2013-02-26,3027,500,302720130226
2016-06-19,2013-02-26,3350,100,335020130226
2016-06-19,2013-02-26,3440,200,344020130226
2016-06-19,2013-02-26,4763,100,476320130226
2016-06-19,2013-02-26,8771,2,877120130226
2016-06-19,2013-02-26,8904,100,890420130226
2016-06-19,2013-02-26,8954,5,895420130226
2016-06-19,2013-02-26,8984,2,898420130226
2016-06-19,2013-02-26,9381,2,938120130226
2016-06-19,2013-03-06,3669,5,366920130306
2016-06-19,2013-03-14,3587,0.2,358720130314
2016-06-19,2013-03-27,1738,2,173820130327
2016-06-19,2013-03-27,1757,1.25,175720130327
2016-06-19,2013-03-27,1909,2,190920130327
2016-06-19,2013-03-27,2121,100,212120130327
2016-06-19,2013-03-27,2122,200,212220130327
2016-06-19,2013-03-27,2136,100,213620130327
2016-06-19,2013-03-27,2150,100,215020130327
2016-06-19,2013-03-27,2175,200,217520130327
2016-06-19,2013-03-27,2198,2,219820130327
2016-06-19,2013-03-27,2317,100,231720130327
2016-06-19,2013-03-27,2326,100,232620130327
2016-06-19,2013-03-27,2342,100,234220130327
2016-06-19,2013-03-27,2371,2,237120130327
2016-06-19,2013-03-27,2398,2,239820130327
2016-06-19,2013-03-27,2411,200,241120130327
2016-06-19,2013-03-27,2445,2,244520130327
2016-06-19,2013-03-27,2475,200,247520130327
2016-06-19,2013-03-27,2479,200,247920130327
2016-06-19,2013-03-27,2483,100,248320130327
2016-06-19,2013-03-27,2488,100,248820130327
2016-06-19,2013-03-27,2931,5,293120130327
2016-06-19,2013-03-27,3042,100,304220130327
2016-06-19,2013-03-27,3043,100,304320130327
2016-06-19,2013-03-27,3245,100,324520130327
2016-06-19,2013-03-27,3252,100,325220130327
2016-06-19,2013-03-27,3276,2,327620130327
2016-06-19,2013-03-27,3359,200,335920130327
2016-06-19,2013-03-27,3392,2,339220130327
2016-06-19,2013-03-27,3624,100,362420130327
2016-06-19,2013-03-27,3723,100,372320130327
2016-06-19,2013-03-27,3726,10,372620130327
2016-06-19,2013-03-27,3747,100,374720130327
2016-06-19,2013-03-27,3762,200,376220130327
2016-06-19,2013-03-27,3765,10,376520130327
2016-06-19,2013-03-27,3776,500,377620130327
2016-06-19,2013-03-27,3830,100,383020130327
2016-06-19,2013-03-27,3835,400,383520130327
2016-06-19,2013-03-27,3841,100,384120130327
2016-06-19,2013-03-27,3850,200,385020130327
2016-06-19,2013-03-27,3851,200,385120130327
2016-06-19,2013-03-27,4241,1.2,424120130327
2016-06-19,2013-03-27,4281,100,428120130327
2016-06-19,2013-03-27,4282,2,428220130327
2016-06-19,2013-03-27,4327,100,432720130327
2016-06-19,2013-03-27,4346,10,434620130327
2016-06-19,2013-03-27,4565,100,456520130327
2016-06-19,2013-03-27,4800,100,480020130327
2016-06-19,2013-03-27,4923,1.1,492320130327
2016-06-19,2013-03-27,5742,100,574220130327
2016-06-19,2013-03-27,5912,2,591220130327
2016-06-19,2013-03-27,6055,2,605520130327
2016-06-19,2013-03-27,6072,2,607220130327
2016-06-19,2013-03-27,6402,1.3,640220130327
2016-06-19,2013-03-27,6405,1.2,640520130327
2016-06-19,2013-03-27,6409,100,640920130327
2016-06-19,2013-03-27,6648,100,664820130327
2016-06-19,2013-03-27,7483,2,748320130327
2016-06-19,2013-03-27,7604,100,760420130327
2016-06-19,2013-03-27,8591,10,859120130327
2016-06-19,2013-03-27,8593,10,859320130327
2016-06-19,2013-03-27,8709,100,870920130327
2016-06-19,2013-03-27,8783,100,878320130327
2016-06-19,2013-03-27,8898,100,889820130327
2016-06-19,2013-03-27,8903,100,890320130327
2016-06-19,2013-03-27,8928,2,892820130327
2016-06-19,2013-03-27,8944,100,894420130327
2016-06-19,2013-03-27,8995,100,899520130327
2016-06-19,2013-03-27,8999,3,899920130327
2016-06-19,2013-03-27,9433,2,943320130327
2016-06-19,2013-03-27,9438,100,943820130327
2016-06-19,2013-03-27,9641,0.5,964120130327
2016-06-19,2013-03-27,9788,2,978820130327
2016-06-19,2013-03-27,9832,3,983220130327
2016-06-19,2013-04-18,3064,2,306420130418
2016-06-19,2013-04-19,3772,1.6667,377220130419
2016-06-19,2013-04-19,6051,1.059,605120130419
2016-06-19,2013-04-25,2170,2,217020130425
2016-06-19,2013-04-25,2193,2,219320130425
2016-06-19,2013-04-25,2373,100,237320130425
2016-06-19,2013-04-25,2461,2,246120130425
2016-06-19,2013-04-25,3031,300,303120130425
2016-06-19,2013-04-25,3248,100,324820130425
2016-06-19,2013-04-25,3250,4,325020130425
2016-06-19,2013-04-25,3350,1.8807,335020130425
2016-06-19,2013-04-25,3731,100,373120130425
2016-06-19,2013-04-25,3816,1.5,381620130425
2016-06-19,2013-04-25,7599,10,759920130425
2016-06-19,2013-04-25,7818,2,781820130425
2016-06-19,2013-05-13,7833,200,783320130513
2016-06-19,2013-05-22,8892,1.5181,889220130522
2016-06-19,2013-05-28,3318,1.25,331820130528
2016-06-19,2013-05-28,8508,1.1241,850820130528
2016-06-19,2013-05-29,2493,100,249320130529
2016-06-19,2013-05-29,2698,100,269820130529
2016-06-19,2013-05-29,2722,100,272220130529
2016-06-19,2013-05-29,3280,3,328020130529
2016-06-19,2013-05-29,3377,100,337720130529
2016-06-19,2013-05-29,3664,2,366420130529
2016-06-19,2013-05-29,3668,5,366820130529
2016-06-19,2013-05-29,3824,200,382420130529
2016-06-19,2013-05-29,6634,100,663420130529
2016-06-19,2013-05-29,6727,400,672720130529
2016-06-19,2013-05-29,7148,3,714820130529
2016-06-19,2013-05-29,7777,2,777720130529
2016-06-19,2013-05-29,7829,2,782920130529
2016-06-19,2013-05-29,8998,500,899820130529
2016-06-19,2013-05-29,9636,0.1,963620130529
2016-06-19,2013-06-12,2172,3,217220130612
2016-06-19,2013-06-12,6636,1.4615,663620130612
2016-06-19,2013-06-13,2404,200,240420130613
2016-06-19,2013-06-26,1408,100,140820130626
2016-06-19,2013-06-26,2128,100,212820130626
2016-06-19,2013-06-26,2146,200,214620130626
2016-06-19,2013-06-26,2151,3,215120130626
2016-06-19,2013-06-26,2154,100,215420130626
2016-06-19,2013-06-26,2385,100,238520130626
2016-06-19,2013-06-26,2399,200,239920130626
2016-06-19,2013-06-26,2418,200,241820130626
2016-06-19,2013-06-26,2425,200,242520130626
2016-06-19,2013-06-26,2466,100,246620130626
2016-06-19,2013-06-26,2477,100,247720130626
2016-06-19,2013-06-26,2491,100,249120130626
2016-06-19,2013-06-26,2492,2,249220130626
2016-06-19,2013-06-26,2499,100,249920130626
2016-06-19,2013-06-26,2749,5,274920130626
2016-06-19,2013-06-26,2777,10,277720130626
2016-06-19,2013-06-26,2924,1.5,292420130626
2016-06-19,2013-06-26,3041,200,304120130626
2016-06-19,2013-06-26,3053,100,305320130626
2016-06-19,2013-06-26,3077,2,307720130626
2016-06-19,2013-06-26,3082,3,308220130626
2016-06-19,2013-06-26,3091,2,309120130626
2016-06-19,2013-06-26,3242,200,324220130626
2016-06-19,2013-06-26,3252,4,325220130626
2016-06-19,2013-06-26,3319,100,331920130626
2016-06-19,2013-06-26,3326,100,332620130626
2016-06-19,2013-06-26,3371,3,337120130626
2016-06-19,2013-06-26,3623,100,362320130626
2016-06-19,2013-06-26,3630,2,363020130626
2016-06-19,2013-06-26,3730,2,373020130626
2016-06-19,2013-06-26,3744,100,374420130626
2016-06-19,2013-06-26,3754,100,375420130626
2016-06-19,2013-06-26,3758,100,375820130626
2016-06-19,2013-06-26,3765,10,376520130626
2016-06-19,2013-06-26,3775,100,377520130626
2016-06-19,2013-06-26,3807,100,380720130626
2016-06-19,2013-06-26,3842,100,384220130626
2016-06-19,2013-06-26,4321,100,432120130626
2016-06-19,2013-06-26,4563,2,456320130626
2016-06-19,2013-06-26,4573,200,457320130626
2016-06-19,2013-06-26,4583,2,458320130626
2016-06-19,2013-06-26,4722,100,472220130626
2016-06-19,2013-06-26,4765,300,476520130626
2016-06-19,2013-06-26,4779,100,477920130626
2016-06-19,2013-06-26,4828,3,482820130626
2016-06-19,2013-06-26,4840,10,484020130626
2016-06-19,2013-06-26,4848,100,484820130626
2016-06-19,2013-06-26,5456,100,545620130626
2016-06-19,2013-06-26,6054,2,605420130626
2016-06-19,2013-06-26,6420,2,642020130626
2016-06-19,2013-06-26,6677,100,667720130626
2016-06-19,2013-06-26,6784,100,678420130626
2016-06-19,2013-06-26,6888,100,688820130626
2016-06-19,2013-06-26,6920,2,692020130626
2016-06-19,2013-06-26,7775,2,777520130626
2016-06-19,2013-06-26,7846,100,784620130626
2016-06-19,2013-06-26,8885,100,888520130626
2016-06-19,2013-06-26,8897,4,889720130626
2016-06-19,2013-06-26,8914,100,891420130626
2016-06-19,2013-06-26,8923,100,892320130626
2016-06-19,2013-06-26,8996,100,899620130626
2016-06-19,2013-06-26,9439,100,943920130626
2016-06-19,2013-06-28,7821,5,782120130628
2016-06-19,2013-07-09,3775,1.3641,377520130709
2016-06-19,2013-07-29,2776,100,277620130729
2016-06-19,2013-07-29,2929,200,292920130729
2016-06-19,2013-07-29,3090,100,309020130729
2016-06-19,2013-07-29,3625,100,362520130729
2016-06-19,2013-07-29,3665,2,366520130729
2016-06-19,2013-07-29,3826,2,382620130729
2016-06-19,2013-07-29,3854,2,385420130729
2016-06-19,2013-07-29,4287,100,428720130729
2016-06-19,2013-07-29,4764,100,476420130729
2016-06-19,2013-07-29,4813,100,481320130729
2016-06-19,2013-07-29,6203,0.1,620320130729
2016-06-19,2013-07-29,7211,0.1,721120130729
2016-06-19,2013-07-29,7956,2,795620130729
2016-06-19,2013-07-29,8905,1.1,890520130729
2016-06-19,2013-07-29,8935,2,893520130729
2016-06-19,2013-08-13,2786,3,278620130813
2016-06-19,2013-08-16,3323,1.257,332320130816
2016-06-19,2013-08-16,4929,2,492920130816
2016-06-19,2013-08-28,1407,2,140720130828
2016-06-19,2013-08-28,1712,100,171220130828
2016-06-19,2013-08-28,2337,200,233720130828
2016-06-19,2013-08-28,2371,2,237120130828
2016-06-19,2013-08-28,2659,2,265920130828
2016-06-19,2013-08-28,2683,0.2,268320130828
2016-06-19,2013-08-28,3030,100,303020130828
2016-06-19,2013-08-28,3063,200,306320130828
2016-06-19,2013-08-28,3073,100,307320130828
2016-06-19,2013-08-28,3083,100,308320130828
2016-06-19,2013-08-28,3174,2,317420130828
2016-06-19,2013-08-28,3344,100,334420130828
2016-06-19,2013-08-28,3627,100,362720130828
2016-06-19,2013-08-28,4344,2,434420130828
2016-06-19,2013-08-28,4714,10,471420130828
2016-06-19,2013-08-28,4978,5,497820130828
2016-06-19,2013-08-28,7415,0.2,741520130828
2016-06-19,2013-08-28,7610,100,761020130828
2016-06-19,2013-08-28,7624,10,762420130828
2016-06-19,2013-08-28,9419,2,941920130828
2016-06-19,2013-08-28,9861,100,986120130828
2016-06-19,2013-09-13,3832,1.0714,383220130913
2016-06-19,2013-09-18,6161,100,616120130918
2016-06-19,2013-09-26,1605,400,160520130926
2016-06-19,2013-09-26,1711,200,171120130926
2016-06-19,2013-09-26,1739,100,173920130926
2016-06-19,2013-09-26,1808,0.2,180820130926
2016-06-19,2013-09-26,2002,1.1,200220130926
2016-06-19,2013-09-26,2131,100,213120130926
2016-06-19,2013-09-26,2132,2,213220130926
2016-06-19,2013-09-26,2134,100,213420130926
2016-06-19,2013-09-26,2137,100,213720130926
2016-06-19,2013-09-26,2138,100,213820130926
2016-06-19,2013-09-26,2144,100,214420130926
2016-06-19,2013-09-26,2145,100,214520130926
2016-06-19,2013-09-26,2152,4,215220130926
2016-06-19,2013-09-26,2155,200,215520130926
2016-06-19,2013-09-26,2229,4,222920130926
2016-06-19,2013-09-26,2304,100,230420130926
2016-06-19,2013-09-26,2315,100,231520130926
2016-06-19,2013-09-26,2351,100,235120130926
2016-06-19,2013-09-26,2372,10,237220130926
2016-06-19,2013-09-26,2393,100,239320130926
2016-06-19,2013-09-26,2397,100,239720130926
2016-06-19,2013-09-26,2400,100,240020130926
2016-06-19,2013-09-26,2412,200,241220130926
2016-06-19,2013-09-26,2415,100,241520130926
2016-06-19,2013-09-26,2433,10,243320130926
2016-06-19,2013-09-26,2453,5,245320130926
2016-06-19,2013-09-26,2454,100,245420130926
2016-06-19,2013-09-26,2461,2,246120130926
2016-06-19,2013-09-26,2464,200,246420130926
2016-06-19,2013-09-26,2467,100,246720130926
2016-06-19,2013-09-26,2485,2,248520130926
2016-06-19,2013-09-26,2489,500,248920130926
2016-06-19,2013-09-26,2491,2,249120130926
2016-06-19,2013-09-26,2588,3,258820130926
2016-06-19,2013-09-26,2665,100,266520130926
2016-06-19,2013-09-26,2681,100,268120130926
2016-06-19,2013-09-26,2712,100,271220130926
2016-06-19,2013-09-26,2753,100,275320130926
2016-06-19,2013-09-26,2759,100,275920130926
2016-06-19,2013-09-26,2760,100,276020130926
2016-06-19,2013-09-26,2763,100,276320130926
2016-06-19,2013-09-26,2766,100,276620130926
2016-06-19,2013-09-26,2799,100,279920130926
2016-06-19,2013-09-26,2805,0.2,280520130926
2016-06-19,2013-09-26,2931,5,293120130926
2016-06-19,2013-09-26,3032,100,303220130926
2016-06-19,2013-09-26,3047,100,304720130926
2016-06-19,2013-09-26,3067,100,306720130926
2016-06-19,2013-09-26,3250,100,325020130926
2016-06-19,2013-09-26,3316,100,331620130926
2016-06-19,2013-09-26,3322,100,332220130926
2016-06-19,2013-09-26,3325,100,332520130926
2016-06-19,2013-09-26,3346,100,334620130926
2016-06-19,2013-09-26,3347,100,334720130926
2016-06-19,2013-09-26,3352,100,335220130926
2016-06-19,2013-09-26,3356,100,335620130926
2016-06-19,2013-09-26,3358,100,335820130926
2016-06-19,2013-09-26,3370,100,337020130926
2016-06-19,2013-09-26,3372,100,337220130926
2016-06-19,2013-09-26,3375,100,337520130926
2016-06-19,2013-09-26,3390,100,339020130926
2016-06-19,2013-09-26,3435,2,343520130926
2016-06-19,2013-09-26,3641,2,364120130926
2016-06-19,2013-09-26,3667,2,366720130926
2016-06-19,2013-09-26,3668,3,366820130926
2016-06-19,2013-09-26,3674,5,367420130926
2016-06-19,2013-09-26,3712,100,371220130926
2016-06-19,2013-09-26,3715,200,371520130926
2016-06-19,2013-09-26,3724,100,372420130926
2016-06-19,2013-09-26,3734,100,373420130926
2016-06-19,2013-09-26,3739,100,373920130926
2016-06-19,2013-09-26,3742,200,374220130926
2016-06-19,2013-09-26,3750,0.01,375020130926
2016-06-19,2013-09-26,3751,10,375120130926
2016-06-19,2013-09-26,3752,100,375220130926
2016-06-19,2013-09-26,3753,100,375320130926
2016-06-19,2013-09-26,3756,200,375620130926
2016-06-19,2013-09-26,3773,100,377320130926
2016-06-19,2013-09-26,3784,200,378420130926
2016-06-19,2013-09-26,3787,100,378720130926
2016-06-19,2013-09-26,3796,100,379620130926
2016-06-19,2013-09-26,3798,100,379820130926
2016-06-19,2013-09-26,3803,200,380320130926
2016-06-19,2013-09-26,3814,100,381420130926
2016-06-19,2013-09-26,3825,100,382520130926
2016-06-19,2013-09-26,3828,100,382820130926
2016-06-19,2013-09-26,3839,100,383920130926
2016-06-19,2013-09-26,3845,100,384520130926
2016-06-19,2013-09-26,3848,200,384820130926
2016-06-19,2013-09-26,3858,100,385820130926
2016-06-19,2013-09-26,4240,100,424020130926
2016-06-19,2013-09-26,4290,2,429020130926
2016-06-19,2013-09-26,4291,100,429120130926
2016-06-19,2013-09-26,4293,200,429320130926
2016-06-19,2013-09-26,4295,10,429520130926
2016-06-19,2013-09-26,4304,100,430420130926
2016-06-19,2013-09-26,4308,100,430820130926
2016-06-19,2013-09-26,4312,100,431220130926
2016-06-19,2013-09-26,4316,100,431620130926
2016-06-19,2013-09-26,4326,2,432620130926
2016-06-19,2013-09-26,4331,10,433120130926
2016-06-19,2013-09-26,4348,200,434820130926
2016-06-19,2013-09-26,4534,0.2,453420130926
2016-06-19,2013-09-26,4555,2,455520130926
2016-06-19,2013-09-26,4559,1.1,455920130926
2016-06-19,2013-09-26,4564,500,456420130926
2016-06-19,2013-09-26,4570,10,457020130926
2016-06-19,2013-09-26,4676,100,467620130926
2016-06-19,2013-09-26,4684,10,468420130926
2016-06-19,2013-09-26,4689,100,468920130926
2016-06-19,2013-09-26,4732,10,473220130926
2016-06-19,2013-09-26,4733,2,473320130926
2016-06-19,2013-09-26,4744,100,474420130926
2016-06-19,2013-09-26,4751,100,475120130926
2016-06-19,2013-09-26,4762,100,476220130926
2016-06-19,2013-09-26,4777,100,477720130926
2016-06-19,2013-09-26,4792,100,479220130926
2016-06-19,2013-09-26,4809,200,480920130926
2016-06-19,2013-09-26,4814,100,481420130926
2016-06-19,2013-09-26,4819,200,481920130926
2016-06-19,2013-09-26,4832,100,483220130926
2016-06-19,2013-09-26,4833,100,483320130926
2016-06-19,2013-09-26,4838,100,483820130926
2016-06-19,2013-09-26,4839,100,483920130926
2016-06-19,2013-09-26,4849,100,484920130926
2016-06-19,2013-09-26,5721,0.1,572120130926
2016-06-19,2013-09-26,5974,0.1,597420130926
2016-06-19,2013-09-26,6052,2,605220130926
2016-06-19,2013-09-26,6256,100,625620130926
2016-06-19,2013-09-26,6257,100,625720130926
2016-06-19,2013-09-26,6636,10,663620130926
2016-06-19,2013-09-26,6659,100,665920130926
2016-06-19,2013-09-26,6678,300,667820130926
2016-06-19,2013-09-26,6719,100,671920130926
2016-06-19,2013-09-26,6788,2,678820130926
2016-06-19,2013-09-26,6791,0.05,679120130926
2016-06-19,2013-09-26,6836,100,683620130926
2016-06-19,2013-09-26,6971,2,697120130926
2016-06-19,2013-09-26,7004,0.2,700420130926
2016-06-19,2013-09-26,7551,2,755120130926
2016-06-19,2013-09-26,7618,100,761820130926
2016-06-19,2013-09-26,7709,100,770920130926
2016-06-19,2013-09-26,7748,100,774820130926
2016-06-19,2013-09-26,7836,100,783620130926
2016-06-19,2013-09-26,7844,100,784420130926
2016-06-19,2013-09-26,7853,100,785320130926
2016-06-19,2013-09-26,8119,0.2,811920130926
2016-06-19,2013-09-26,8462,100,846220130926
2016-06-19,2013-09-26,8515,2,851520130926
2016-06-19,2013-09-26,8572,10,857220130926
2016-06-19,2013-09-26,8697,5,869720130926
2016-06-19,2013-09-26,8698,100,869820130926
2016-06-19,2013-09-26,8704,100,870420130926
2016-06-19,2013-09-26,8728,200,872820130926
2016-06-19,2013-09-26,8732,100,873220130926
2016-06-19,2013-09-26,8739,100,873920130926
2016-06-19,2013-09-26,8750,100,875020130926
2016-06-19,2013-09-26,8769,50,876920130926
2016-06-19,2013-09-26,8772,100,877220130926
2016-06-19,2013-09-26,8870,2,887020130926
2016-06-19,2013-09-26,8891,100,889120130926
2016-06-19,2013-09-26,8933,100,893320130926
2016-06-19,2013-09-26,8934,100,893420130926
2016-06-19,2013-09-26,9412,100,941220130926
2016-06-19,2013-09-26,9421,100,942120130926
2016-06-19,2013-09-26,9423,100,942320130926
2016-06-19,2013-09-26,9437,100,943720130926
2016-06-19,2013-09-26,9445,100,944520130926
2016-06-19,2013-09-26,9613,100,961320130926
2016-06-19,2013-09-26,9708,2,970820130926
2016-06-19,2013-09-26,9831,10,983120130926
2016-06-19,2013-09-26,9997,2,999720130926
2016-06-19,2013-10-10,2230,4,223020131010
2016-06-19,2013-10-17,3350,1.1579,335020131017
2016-06-19,2013-10-18,7708,100,770820131018
2016-06-19,2013-10-23,3250,1.5745,325020131023
2016-06-19,2013-10-29,2159,100,215920131029
2016-06-19,2013-10-29,2751,300,275120131029
2016-06-19,2013-10-29,3770,100,377020131029
2016-06-19,2013-10-29,3836,2,383620131029
2016-06-19,2013-10-29,6656,100,665620131029
2016-06-19,2013-10-29,8922,100,892220131029
2016-06-19,2013-10-29,9381,2,938120131029
2016-06-19,2013-10-29,9425,100,942520131029
2016-06-19,2013-10-29,9444,10,944420131029
2016-06-19,2013-11-22,6051,5,605120131122
2016-06-19,2013-11-27,2168,100,216820131127
2016-06-19,2013-11-27,2170,2,217020131127
2016-06-19,2013-11-27,2437,100,243720131127
2016-06-19,2013-11-27,2769,100,276920131127
2016-06-19,2013-11-27,2796,100,279620131127
2016-06-19,2013-11-27,3186,3,318620131127
2016-06-19,2013-11-27,3236,20,323620131127
2016-06-19,2013-11-27,3440,4,344020131127
2016-06-19,2013-11-27,3760,100,376020131127
2016-06-19,2013-11-27,3791,100,379120131127
2016-06-19,2013-11-27,3810,100,381020131127
2016-06-19,2013-11-27,3832,100,383220131127
2016-06-19,2013-11-27,4784,200,478420131127
2016-06-19,2013-11-27,4829,100,482920131127
2016-06-19,2013-11-27,4834,100,483420131127
2016-06-19,2013-11-27,6066,20,606620131127
2016-06-19,2013-11-27,6072,2,607220131127
2016-06-19,2013-11-27,6668,100,666820131127
2016-06-19,2013-11-27,7725,100,772520131127
2016-06-19,2013-11-27,8881,2,888120131127
2016-06-19,2013-11-27,8887,100,888720131127
2016-06-19,2013-11-27,8940,100,894020131127
2016-06-19,2013-12-04,4541,1.2847,454120131204
2016-06-19,2013-12-04,9478,1.1345,947820131204
2016-06-19,2013-12-10,4345,2,434520131210
2016-06-19,2013-12-11,3672,2,367220131211
2016-06-19,2013-12-12,3040,2,304020131212
2016-06-19,2013-12-18,4919,1.2,491920131218
2016-06-19,2013-12-26,1382,100,138220131226
2016-06-19,2013-12-26,2120,3,212020131226
2016-06-19,2013-12-26,2124,3,212420131226
2016-06-19,2013-12-26,2162,100,216220131226
2016-06-19,2013-12-26,2406,100,240620131226
2016-06-19,2013-12-26,2435,2,243520131226
2016-06-19,2013-12-26,2492,2,249220131226
2016-06-19,2013-12-26,2721,100,272120131226
2016-06-19,2013-12-26,2743,100,274320131226
2016-06-19,2013-12-26,2762,100,276220131226
2016-06-19,2013-12-26,2930,2,293020131226
2016-06-19,2013-12-26,3082,2,308220131226
2016-06-19,2013-12-26,3150,2,315020131226
2016-06-19,2013-12-26,3237,200,323720131226
2016-06-19,2013-12-26,3394,100,339420131226
2016-06-19,2013-12-26,3648,2,364820131226
2016-06-19,2013-12-26,3649,2,364920131226
2016-06-19,2013-12-26,3765,100,376520131226
2016-06-19,2013-12-26,3777,20,377720131226
2016-06-19,2013-12-26,3782,100,378220131226
2016-06-19,2013-12-26,3837,3,383720131226
2016-06-19,2013-12-26,3856,100,385620131226
2016-06-19,2013-12-26,4335,100,433520131226
2016-06-19,2013-12-26,4356,100,435620131226
2016-06-19,2013-12-26,4563,100,456320131226
2016-06-19,2013-12-26,4572,100,457220131226
2016-06-19,2013-12-26,4681,2,468120131226
2016-06-19,2013-12-26,4776,100,477620131226
2016-06-19,2013-12-26,4845,100,484520131226
2016-06-19,2013-12-26,4847,100,484720131226
2016-06-19,2013-12-26,5019,4,501920131226
2016-06-19,2013-12-26,6054,2,605420131226
2016-06-19,2013-12-26,6059,4,605920131226
2016-06-19,2013-12-26,6662,100,666220131226
2016-06-19,2013-12-26,6736,2,673620131226
2016-06-19,2013-12-26,7707,200,770720131226
2016-06-19,2013-12-26,7747,2,774720131226
2016-06-19,2013-12-26,7849,100,784920131226
2016-06-19,2013-12-26,8214,2,821420131226
2016-06-19,2013-12-26,8929,100,892920131226
2016-06-19,2013-12-26,8951,2,895120131226
2016-06-19,2013-12-26,8952,2,895220131226
2016-06-19,2013-12-26,8964,2,896420131226
2016-06-19,2013-12-26,8987,5,898720131226
2016-06-19,2013-12-26,9419,2,941920131226
2016-06-19,2013-12-26,9514,100,951420131226
2016-06-19,2014-01-06,3657,2,365720140106
2016-06-19,2014-01-14,7992,1.253,799220140114
2016-06-19,2014-01-22,3666,3,366620140122
2016-06-19,2014-01-29,2353,100,235320140129
2016-06-19,2014-01-29,3071,100,307120140129
2016-06-19,2014-01-29,3234,5,323420140129
2016-06-19,2014-01-29,4824,100,482420140129
2016-06-19,2014-01-29,4924,100,492420140129
2016-06-19,2014-01-29,6669,200,666920140129
2016-06-19,2014-01-29,6721,100,672120140129
2016-06-19,2014-01-29,6778,100,677820140129
2016-06-19,2014-01-29,6786,100,678620140129
2016-06-19,2014-01-29,8423,100,842320140129
2016-06-19,2014-01-29,8925,10,892520140129
2016-06-19,2014-01-29,8957,5,895720140129
2016-06-19,2014-01-29,8967,5,896720140129
2016-06-19,2014-01-29,9743,1.3,974320140129
2016-06-19,2014-02-18,9843,2,984320140218
2016-06-19,2014-02-19,3318,1.3023,331820140219
2016-06-19,2014-02-21,3853,1.2453,385320140221
2016-06-19,2014-02-26,2228,100,222820140226
2016-06-19,2014-02-26,2798,100,279820140226
2016-06-19,2014-02-26,3021,2,302120140226
2016-06-19,2014-02-26,3048,100,304820140226
2016-06-19,2014-02-26,3057,100,305720140226
2016-06-19,2014-02-26,3226,2,322620140226
2016-06-19,2014-02-26,3263,2,326320140226
2016-06-19,2014-02-26,3283,5,328320140226
2016-06-19,2014-02-26,3376,100,337620140226
2016-06-19,2014-02-26,3384,100,338420140226
2016-06-19,2014-02-26,3678,2,367820140226
2016-06-19,2014-02-26,3680,5,368020140226
2016-06-19,2014-02-26,3815,100,381520140226
2016-06-19,2014-02-26,3823,100,382320140226
2016-06-19,2014-02-26,6058,3,605820140226
2016-06-19,2014-02-26,6264,100,626420140226
2016-06-19,2014-02-26,6838,3,683820140226
2016-06-19,2014-02-26,7164,2,716420140226
2016-06-19,2014-02-26,7421,2,742120140226
2016-06-19,2014-02-26,7611,1.2,761120140226
2016-06-19,2014-02-26,7829,100,782920140226
2016-06-19,2014-02-26,8886,100,888620140226
2016-06-19,2014-02-26,8968,5,896820140226
2016-06-19,2014-02-28,6993,1.0428,699320140228
2016-06-19,2014-03-06,8737,2,873720140306
2016-06-19,2014-03-18,3856,1.1635,385620140318
2016-06-19,2014-03-19,1400,100,140020140319
2016-06-19,2014-03-20,9973,1.2138,997320140320
2016-06-19,2014-03-27,1711,1.0951,171120140327
2016-06-19,2014-03-27,2127,3,212720140327
2016-06-19,2014-03-27,2158,10,215820140327
2016-06-19,2014-03-27,2170,100,217020140327
2016-06-19,2014-03-27,2321,100,232120140327
2016-06-19,2014-03-27,2330,10,233020140327
2016-06-19,2014-03-27,2370,100,237020140327
2016-06-19,2014-03-27,2388,100,238820140327
2016-06-19,2014-03-27,2410,100,241020140327
2016-06-19,2014-03-27,2413,200,241320140327
2016-06-19,2014-03-27,2440,2,244020140327
2016-06-19,2014-03-27,2447,100,244720140327
2016-06-19,2014-03-27,2450,100,245020140327
2016-06-19,2014-03-27,2453,100,245320140327
2016-06-19,2014-03-27,2458,100,245820140327
2016-06-19,2014-03-27,2461,2,246120140327
2016-06-19,2014-03-27,2667,100,266720140327
2016-06-19,2014-03-27,2752,200,275220140327
2016-06-19,2014-03-27,2788,100,278820140327
2016-06-19,2014-03-27,2926,100,292620140327
2016-06-19,2014-03-27,3066,2,306620140327
2016-06-19,2014-03-27,3079,2,307920140327
2016-06-19,2014-03-27,3187,5,318720140327
2016-06-19,2014-03-27,3244,100,324420140327
2016-06-19,2014-03-27,3323,100,332320140327
2016-06-19,2014-03-27,3328,100,332820140327
2016-06-19,2014-03-27,3625,2,362520140327
2016-06-19,2014-03-27,3772,100,377220140327
2016-06-19,2014-03-27,3788,100,378820140327
2016-06-19,2014-03-27,3793,100,379320140327
2016-06-19,2014-03-27,3802,200,380220140327
2016-06-19,2014-03-27,3840,100,384020140327
2016-06-19,2014-03-27,3849,100,384920140327
2016-06-19,2014-03-27,3852,2,385220140327
2016-06-19,2014-03-27,4282,100,428220140327
2016-06-19,2014-03-27,4288,100,428820140327
2016-06-19,2014-03-27,4310,100,431020140327
2016-06-19,2014-03-27,4503,5,450320140327
2016-06-19,2014-03-27,4543,2,454320140327
2016-06-19,2014-03-27,4571,100,457120140327
2016-06-19,2014-03-27,4583,2,458320140327
2016-06-19,2014-03-27,4658,2,465820140327
2016-06-19,2014-03-27,4827,100,482720140327
2016-06-19,2014-03-27,4923,1.1,492320140327
2016-06-19,2014-03-27,4973,100,497320140327
2016-06-19,2014-03-27,5970,2,597020140327
2016-06-19,2014-03-27,6071,3,607120140327
2016-06-19,2014-03-27,6088,4,608820140327
2016-06-19,2014-03-27,6259,100,625920140327
2016-06-19,2014-03-27,6594,2,659420140327
2016-06-19,2014-03-27,6869,2,686920140327
2016-06-19,2014-03-27,7213,2,721320140327
2016-06-19,2014-03-27,7284,2,728420140327
2016-06-19,2014-03-27,7502,3,750220140327
2016-06-19,2014-03-27,7593,3,759320140327
2016-06-19,2014-03-27,7716,5,771620140327
2016-06-19,2014-03-27,7717,100,771720140327
2016-06-19,2014-03-27,7774,200,777420140327
2016-06-19,2014-03-27,7908,2,790820140327
2016-06-19,2014-03-27,7947,2,794720140327
2016-06-19,2014-03-27,8789,100,878920140327
2016-06-19,2014-03-27,8889,10,888920140327
2016-06-19,2014-03-27,8890,100,889020140327
2016-06-19,2014-03-27,8958,2,895820140327
2016-06-19,2014-03-27,8961,5,896120140327
2016-06-19,2014-03-27,8973,5,897320140327
2016-06-19,2014-03-27,9376,100,937620140327
2016-06-19,2014-03-27,9424,100,942420140327
2016-06-19,2014-03-27,9438,2,943820140327
2016-06-19,2014-04-16,2484,2,248420140416
2016-06-19,2014-04-25,4245,2,424520140425
2016-06-19,2014-04-25,6077,5,607720140425
2016-06-19,2014-04-25,6080,3,608020140425
2016-06-19,2014-04-25,9603,2,960320140425
2016-06-19,2014-05-09,7859,1.1729,785920140509
2016-06-19,2014-05-13,3391,2,339120140513
2016-06-19,2014-05-13,3686,3,368620140513
2016-06-19,2014-05-16,3398,2,339820140516
2016-06-19,2014-05-28,2384,3,238420140528
2016-06-19,2014-05-28,3675,3,367520140528
2016-06-19,2014-05-28,9856,2,985620140528
2016-06-19,2014-06-26,2121,5,212120140626
2016-06-19,2014-06-26,3807,5,380720140626
2016-06-19,2014-06-26,4768,3,476820140626
2016-06-19,2014-06-26,5105,0.5,510520140626
2016-06-19,2014-06-26,6858,0.5,685820140626
2016-06-19,2014-06-26,7215,3,721520140626
2016-06-19,2014-06-26,9837,2,983720140626
2016-06-19,2014-07-08,7708,1.4872,770820140708
2016-06-19,2014-07-29,1814,0.1,181420140729
2016-06-19,2014-07-29,3036,2,303620140729
2016-06-19,2014-07-29,3071,5,307120140729
2016-06-19,2014-07-29,3282,4,328220140729
2016-06-19,2014-07-29,3385,2,338520140729
2016-06-19,2014-07-29,3665,5,366520140729
2016-06-19,2014-07-29,3669,4,366920140729
2016-06-19,2014-07-29,3687,5,368720140729
2016-06-19,2014-07-29,4563,1.1795,456320140729
2016-06-19,2014-07-29,6850,0.2,685020140729
2016-06-19,2014-07-29,7261,0.2,726120140729
2016-06-19,2014-07-29,7475,0.2,747520140729
2016-06-19,2014-07-29,7605,2,760520140729
2016-06-19,2014-07-29,7779,5,777920140729
2016-06-19,2014-07-29,9414,2,941420140729
2016-06-19,2014-08-19,4345,2,434520140819
2016-06-19,2014-08-27,2157,2,215720140827
2016-06-19,2014-08-27,2686,2,268620140827
2016-06-19,2014-08-27,3086,0.5,308620140827
2016-06-19,2014-08-27,3093,2,309320140827
2016-06-19,2014-08-27,3141,2,314120140827
2016-06-19,2014-08-27,3166,1.5,316620140827
2016-06-19,2014-08-27,3252,3,325220140827
2016-06-19,2014-08-27,3387,3,338720140827
2016-06-19,2014-08-27,6078,2,607820140827
2016-06-19,2014-08-27,6089,2,608920140827
2016-06-19,2014-08-27,7485,0.2,748520140827
2016-06-19,2014-08-27,8242,0.5,824220140827
2016-06-19,2014-08-27,8263,2,826320140827
2016-06-19,2014-08-29,7638,1.3548,763820140829
2016-06-19,2014-09-26,1726,2,172620140926
2016-06-19,2014-09-26,1898,0.2,189820140926
2016-06-19,2014-09-26,2002,1.1,200220140926
2016-06-19,2014-09-26,2206,0.5,220620140926
2016-06-19,2014-09-26,2335,2,233520140926
2016-06-19,2014-09-26,2485,2,248520140926
2016-06-19,2014-09-26,2784,4,278420140926
2016-06-19,2014-09-26,3294,4,329420140926
2016-06-19,2014-09-26,3683,3,368320140926
2016-06-19,2014-09-26,3724,2,372420140926
2016-06-19,2014-09-26,3769,2,376920140926
2016-06-19,2014-09-26,4365,0.4,436520140926
2016-06-19,2014-09-26,4368,5,436820140926
2016-06-19,2014-09-26,4975,2,497520140926
2016-06-19,2014-09-26,5184,1.1,518420140926
2016-06-19,2014-09-26,5807,0.1,580720140926
2016-06-19,2014-09-26,5912,0.5,591220140926
2016-06-19,2014-09-26,6005,3,600520140926
2016-06-19,2014-09-26,6095,5,609520140926
2016-06-19,2014-09-26,6157,2,615720140926
2016-06-19,2014-09-26,6282,1.2,628220140926
2016-06-19,2014-09-26,6324,3,632420140926
2016-06-19,2014-09-26,6333,2,633320140926
2016-06-19,2014-09-26,6409,2,640920140926
2016-06-19,2014-09-26,7202,0.5,720220140926
2016-06-19,2014-09-26,7505,2,750520140926
2016-06-19,2014-09-26,7602,0.1,760220140926
2016-06-19,2014-09-26,7952,0.1,795220140926
2016-06-19,2014-09-26,8074,0.1,807420140926
2016-06-19,2014-09-26,8113,3,811320140926
2016-06-19,2014-09-26,8545,0.1,854520140926
2016-06-19,2014-09-26,9090,2,909020140926
2016-06-19,2014-09-26,9201,2,920120140926
2016-06-19,2014-09-26,9627,2,962720140926
2016-06-19,2014-09-26,9790,2,979020140926
2016-06-19,2014-09-26,9990,1.5,999020140926
2016-06-19,2014-10-21,6077,2,607720141021
2016-06-19,2014-10-29,2438,4,243820141029
2016-06-19,2014-10-29,3444,3,344420141029
2016-06-19,2014-10-29,7823,2,782320141029
2016-06-19,2014-11-13,7775,2,777520141113
2016-06-19,2014-11-26,3678,2,367820141126
2016-06-19,2014-11-26,3711,2,371120141126
2016-06-19,2014-11-26,4286,2,428620141126
2016-06-19,2014-11-26,4333,2,433320141126
2016-06-19,2014-11-26,6055,3,605520141126
2016-06-19,2014-11-26,6076,2,607620141126
2016-06-19,2014-11-26,6668,10,666820141126
2016-06-19,2014-11-26,8977,5,897720141126
2016-06-19,2014-12-03,3692,4,369220141203
2016-06-19,2014-12-17,3598,1.3684,359820141217
2016-06-19,2014-12-26,1429,5,142920141226
2016-06-19,2014-12-26,2124,2,212420141226
2016-06-19,2014-12-26,2175,2,217520141226
2016-06-19,2014-12-26,2445,2,244520141226
2016-06-19,2014-12-26,2475,2,247520141226
2016-06-19,2014-12-26,2492,2,249220141226
2016-06-19,2014-12-26,2928,2,292820141226
2016-06-19,2014-12-26,3179,2,317920141226
2016-06-19,2014-12-26,3245,2,324520141226
2016-06-19,2014-12-26,3249,2,324920141226
2016-06-19,2014-12-26,3276,2,327620141226
2016-06-19,2014-12-26,3435,2,343520141226
2016-06-19,2014-12-26,3681,2,368120141226
2016-06-19,2014-12-26,3696,2,369620141226
2016-06-19,2014-12-26,3800,2,380020141226
2016-06-19,2014-12-26,6071,2,607120141226
2016-06-19,2014-12-26,6087,2,608720141226
2016-06-19,2014-12-26,6413,2,641320141226
2016-06-19,2014-12-26,6592,2,659220141226
2016-06-19,2014-12-26,6639,2,663920141226
2016-06-19,2014-12-26,7172,5,717220141226
2016-06-19,2014-12-26,7618,1.5,761820141226
2016-06-19,2014-12-26,8898,5,889820141226
2016-06-19,2014-12-26,8909,2,890920141226
2016-06-19,2015-01-28,2929,2,292920150128
2016-06-19,2015-01-28,3038,2,303820150128
2016-06-19,2015-01-28,3169,3,316920150128
2016-06-19,2015-01-28,3193,2,319320150128
2016-06-19,2015-01-28,3697,5,369720150128
2016-06-19,2015-01-28,3816,1.5,381620150128
2016-06-19,2015-02-10,3810,1.1766,381020150210
2016-06-19,2015-02-25,1997,0.1,199720150225
2016-06-19,2015-02-25,3030,3,303020150225
2016-06-19,2015-02-25,3073,3,307320150225
2016-06-19,2015-02-25,3607,2,360720150225
2016-06-19,2015-02-25,7611,1.2,761120150225
2016-06-19,2015-02-25,7820,2,782020150225
2016-06-19,2015-02-25,8984,2,898420150225
2016-06-19,2015-02-25,9029,2,902920150225
2016-06-19,2015-02-25,9759,1.1,975920150225
2016-06-19,2015-03-17,6240,3,624020150317
2016-06-19,2015-03-27,2652,6,265220150327
2016-06-19,2015-03-27,2904,2,290420150327
2016-06-19,2015-03-27,3113,1.0282,311320150327
2016-06-19,2015-03-27,3395,2,339520150327
2016-06-19,2015-03-27,3649,3,364920150327
2016-06-19,2015-03-27,3694,4,369420150327
2016-06-19,2015-03-27,3698,3,369820150327
2016-06-19,2015-03-27,3794,2,379420150327
2016-06-19,2015-03-27,3815,2,381520150327
2016-06-19,2015-03-27,4095,2,409520150327
2016-06-19,2015-03-27,4536,5,453620150327
2016-06-19,2015-03-27,4577,1.1,457720150327
2016-06-19,2015-03-27,4650,2,465020150327
2016-06-19,2015-03-27,4661,4,466120150327
2016-06-19,2015-03-27,4739,2,473920150327
2016-06-19,2015-03-27,4775,2,477520150327
2016-06-19,2015-03-27,4839,2,483920150327
2016-06-19,2015-03-27,4923,1.2,492320150327
2016-06-19,2015-03-27,6082,2,608220150327
2016-06-19,2015-03-27,6616,4,661620150327
2016-06-19,2015-03-27,6638,2,663820150327
2016-06-19,2015-03-27,6724,2,672420150327
2016-06-19,2015-03-27,6806,1.05,680620150327
2016-06-19,2015-03-27,6849,2,684920150327
2016-06-19,2015-03-27,6965,2,696520150327
2016-06-19,2015-03-27,7148,3,714820150327
2016-06-19,2015-03-27,8130,2,813020150327
2016-06-19,2015-03-27,8159,1.2,815920150327
2016-06-19,2015-03-27,8279,2,827920150327
2016-06-19,2015-03-27,9025,2,902520150327
2016-06-19,2015-03-27,9433,3,943320150327
2016-06-19,2015-03-27,9438,2,943820150327
2016-06-19,2015-03-27,9616,1.2,961620150327
2016-06-19,2015-03-27,9769,2,976920150327
2016-06-19,2015-03-27,9987,1.1,998720150327
2016-06-19,2015-04-13,3452,3,345220150413
2016-06-19,2015-04-27,2198,2,219820150427
2016-06-19,2015-04-27,2928,2,292820150427
2016-06-19,2015-04-27,3180,5,318020150427
2016-06-19,2015-04-27,3633,2,363320150427
2016-06-19,2015-04-27,3653,3,365320150427
2016-06-19,2015-04-27,3662,2,366220150427
2016-06-19,2015-04-27,7956,3,795620150427
2016-06-19,2015-05-18,3398,2,339820150518
2016-06-19,2015-05-27,2120,2,212020150527
2016-06-19,2015-05-27,2930,2,293020150527
2016-06-19,2015-05-27,3093,2,309320150527
2016-06-19,2015-05-27,3690,2,369020150527
2016-06-19,2015-05-27,9511,1.5,951120150527
2016-06-19,2015-05-27,9720,0.2,972020150527
2016-06-19,2015-06-17,3191,2,319120150617
2016-06-19,2015-06-18,1568,2,156820150618
2016-06-19,2015-06-26,1716,2,171620150626
2016-06-19,2015-06-26,2193,3,219320150626
2016-06-19,2015-06-26,2477,2,247720150626
2016-06-19,2015-06-26,3053,3,305320150626
2016-06-19,2015-06-26,3091,2,309120150626
2016-06-19,2015-06-26,3140,2,314020150626
2016-06-19,2015-06-26,3204,0.1,320420150626
2016-06-19,2015-06-26,3288,2,328820150626
2016-06-19,2015-06-26,3457,5,345720150626
2016-06-19,2015-06-26,3677,2,367720150626
2016-06-19,2015-06-26,3902,4,390220150626
2016-06-19,2015-06-26,4045,0.5,404520150626
2016-06-19,2015-06-26,4587,4,458720150626
2016-06-19,2015-06-26,4669,0.1,466920150626
2016-06-19,2015-06-26,4767,2,476720150626
2016-06-19,2015-06-26,4979,2,497920150626
2016-06-19,2015-06-26,5101,0.5,510120150626
2016-06-19,2015-06-26,6061,2,606120150626
2016-06-19,2015-06-26,6099,2,609920150626
2016-06-19,2015-06-26,6440,0.2,644020150626
2016-06-19,2015-06-26,6785,2,678520150626
2016-06-19,2015-06-26,7419,2,741920150626
2016-06-19,2015-06-26,7532,2,753220150626
2016-06-19,2015-06-26,7705,2,770520150626
2016-06-19,2015-06-26,7816,4,781620150626
2016-06-19,2015-06-26,7846,2,784620150626
2016-06-19,2015-06-26,8703,2,870320150626
2016-06-19,2015-06-26,8804,0.5,880420150626
2016-06-19,2015-06-26,9384,2,938420150626
2016-06-19,2015-06-26,9432,2,943220150626
2016-06-19,2015-06-26,9962,3,996220150626
2016-06-19,2015-07-29,2686,2,268620150729
2016-06-19,2015-07-29,2733,0.2,273320150729
2016-06-19,2015-07-29,3031,3,303120150729
2016-06-19,2015-07-29,3193,3,319320150729
2016-06-19,2015-07-29,3822,2,382220150729
2016-06-19,2015-07-29,3825,5,382520150729
2016-06-19,2015-07-29,3910,5,391020150729
2016-06-19,2015-07-29,4924,2,492420150729
2016-06-19,2015-07-29,7169,3,716920150729
2016-06-19,2015-07-29,7747,2,774720150729
2016-06-19,2015-07-29,7779,2,777920150729
2016-06-19,2015-07-29,7818,2,781820150729
2016-06-19,2015-07-29,8142,0.2,814220150729
2016-06-19,2015-07-29,9743,1.5,974320150729
2016-06-19,2015-08-27,1712,2,171220150827
2016-06-19,2015-08-27,2379,5,237920150827
2016-06-19,2015-08-27,2772,2,277220150827
2016-06-19,2015-08-27,3131,2,313120150827
2016-06-19,2015-08-27,3778,4,377820150827
2016-06-19,2015-08-27,3852,2,385220150827
2016-06-19,2015-08-27,6029,3,602920150827
2016-06-19,2015-08-27,6048,3,604820150827
2016-06-19,2015-08-27,6063,2,606320150827
2016-06-19,2015-08-27,6080,2,608020150827
2016-06-19,2015-08-27,6089,2,608920150827
2016-06-19,2015-08-27,6093,5,609320150827
2016-06-19,2015-08-27,6240,2,624020150827
2016-06-19,2015-08-27,6264,3,626420150827
2016-06-19,2015-08-27,6432,3,643220150827
2016-06-19,2015-08-27,7730,3,773020150827
2016-06-19,2015-08-27,8143,0.1,814320150827
2016-06-19,2015-08-27,8275,2,827520150827
2016-06-19,2015-08-27,9037,2,903720150827
2016-06-19,2015-08-27,9418,3,941820150827
2016-06-19,2015-09-09,7170,1.875,717020150909
2016-06-19,2015-09-28,1826,0.2,182620150928
2016-06-19,2015-09-28,2269,2,226920150928
2016-06-19,2015-09-28,2540,0.5,254020150928
2016-06-19,2015-09-28,2763,3,276320150928
2016-06-19,2015-09-28,3064,2,306420150928
2016-06-19,2015-09-28,3196,2,319620150928
2016-06-19,2015-09-28,3221,2,322120150928
2016-06-19,2015-09-28,3245,4,324520150928
2016-06-19,2015-09-28,3279,2,327920150928
2016-06-19,2015-09-28,3341,2,334120150928
2016-06-19,2015-09-28,3393,2,339320150928
2016-06-19,2015-09-28,3437,0.1,343720150928
2016-06-19,2015-09-28,3635,1.2,363520150928
2016-06-19,2015-09-28,3660,2,366020150928
2016-06-19,2015-09-28,4093,0.2,409320150928
2016-06-19,2015-09-28,4114,0.2,411420150928
2016-06-19,2015-09-28,4307,1.1,430720150928
2016-06-19,2015-09-28,4521,0.5,452120150928
2016-06-19,2015-09-28,4662,2,466220150928
2016-06-19,2015-09-28,4914,0.2,491420150928
2016-06-19,2015-09-28,5332,0.5,533220150928
2016-06-19,2015-09-28,5401,0.1,540120150928
2016-06-19,2015-09-28,5451,0.2,545120150928
2016-06-19,2015-09-28,5964,0.1,596420150928
2016-06-19,2015-09-28,5998,0.1,599820150928
2016-06-19,2015-09-28,6036,2,603620150928
2016-06-19,2015-09-28,6045,3,604520150928
2016-06-19,2015-09-28,6050,3,605020150928
2016-06-19,2015-09-28,6250,4,625020150928
2016-06-19,2015-09-28,6445,0.1,644520150928
2016-06-19,2015-09-28,6461,0.1,646120150928
2016-06-19,2015-09-28,6750,2,675020150928
2016-06-19,2015-09-28,6871,2,687120150928
2016-06-19,2015-09-28,7176,10,717620150928
2016-06-19,2015-09-28,7284,0.1,728420150928
2016-06-19,2015-09-28,7463,2,746320150928
2016-06-19,2015-09-28,7551,2,755120150928
2016-06-19,2015-09-28,7575,2,757520150928
2016-06-19,2015-09-28,7840,0.2,784020150928
2016-06-19,2015-09-28,7990,0.1,799020150928
2016-06-19,2015-09-28,8043,0.1,804320150928
2016-06-19,2015-09-28,8076,0.5,807620150928
2016-06-19,2015-09-28,8111,0.2,811120150928
2016-06-19,2015-09-28,8115,0.2,811520150928
2016-06-19,2015-09-28,8365,0.1,836520150928
2016-06-19,2015-09-28,8513,0.2,851320150928
2016-06-19,2015-09-28,8518,0.1,851820150928
2016-06-19,2015-09-28,8697,2,869720150928
2016-06-19,2015-09-28,8893,0.2,889320150928
2016-06-19,2015-09-28,9078,0.5,907820150928
2016-06-19,2015-09-28,9090,2,909020150928
2016-06-19,2015-09-28,9375,2,937520150928
2016-06-19,2015-09-28,9386,3,938620150928
2016-06-19,2015-09-28,9417,2,941720150928
2016-06-19,2015-09-28,9728,2,972820150928
2016-06-19,2015-09-28,9867,0.1,986720150928
2016-06-19,2015-09-28,9959,2,995920150928
2016-06-19,2015-10-26,2181,3,218120151026
2016-06-19,2015-10-28,3038,2,303820151028
2016-06-19,2015-10-28,3329,2,332920151028
2016-06-19,2015-10-28,3399,3,339920151028
2016-06-19,2015-10-28,8956,5,895620151028
2016-06-19,2015-11-26,1430,4,143020151126
2016-06-19,2015-11-26,2148,3,214820151126
2016-06-19,2015-11-26,3920,4,392020151126
2016-06-19,2015-11-26,6032,2,603220151126
2016-06-19,2015-11-26,6044,3,604420151126
2016-06-19,2015-12-11,3148,3,314820151211
2016-06-19,2015-12-28,2183,2,218320151228
2016-06-19,2015-12-28,2327,2,232720151228
2016-06-19,2015-12-28,3054,2,305420151228
2016-06-19,2015-12-28,3085,2,308520151228
2016-06-19,2015-12-28,3135,2,313520151228
2016-06-19,2015-12-28,3173,2,317320151228
2016-06-19,2015-12-28,3221,2,322120151228
2016-06-19,2015-12-28,3681,2,368120151228
2016-06-19,2015-12-28,3914,2,391420151228
2016-06-19,2015-12-28,4246,4,424620151228
2016-06-19,2015-12-28,4636,2,463620151228
2016-06-19,2015-12-28,6071,3,607120151228
2016-06-19,2015-12-28,6156,2,615620151228
2016-06-19,2015-12-28,6182,2,618220151228
2016-06-19,2015-12-28,7636,1.5,763620151228
2016-06-19,2015-12-28,9039,2,903920151228
2016-06-19,2015-12-28,9757,1.2,975720151228
2016-06-19,2016-01-15,6757,1.1,675720160115
2016-06-19,2016-01-27,1433,2,143320160127
2016-06-19,2016-01-27,1844,0.1,184420160127
2016-06-19,2016-01-27,3418,2,341820160127
2016-06-19,2016-01-27,3654,2,365420160127
2016-06-19,2016-01-27,3660,2,366020160127
2016-06-19,2016-01-27,3921,3,392120160127
2016-06-19,2016-01-27,6040,2,604020160127
2016-06-19,2016-01-27,6267,0.2,626720160127
2016-06-19,2016-02-01,5821,2,582120160201
2016-06-19,2016-02-17,9842,2,984220160217
2016-06-19,2016-02-25,2117,3,211720160225
2016-06-19,2016-02-25,2685,2,268520160225
2016-06-19,2016-02-25,3020,2,302020160225
2016-06-19,2016-02-25,3134,4,313420160225
2016-06-19,2016-02-25,3387,3,338720160225
2016-06-19,2016-02-25,3415,3,341520160225
2016-06-19,2016-02-25,6312,2,631220160225
2016-06-19,2016-02-25,7611,1.2,761120160225
2016-06-19,2016-03-15,4304,2,430420160315
2016-06-19,2016-03-16,2551,0.2,255120160316
2016-06-19,2016-03-29,2154,2,215420160329
2016-06-19,2016-03-29,2222,3,222220160329
2016-06-19,2016-03-29,3300,2,330020160329
2016-06-19,2016-03-29,3457,2,345720160329
2016-06-19,2016-03-29,3641,2,364120160329
2016-06-19,2016-03-29,3771,2,377120160329
2016-06-19,2016-03-29,3909,2,390920160329
2016-06-19,2016-03-29,3918,2,391820160329
2016-06-19,2016-03-29,4301,2,430120160329
2016-06-19,2016-03-29,4528,5,452820160329
2016-06-19,2016-03-29,4658,2,465820160329
2016-06-19,2016-03-29,4687,2,468720160329
2016-06-19,2016-03-29,4820,2,482020160329
2016-06-19,2016-03-29,4849,2,484920160329
2016-06-19,2016-03-29,4923,1.1,492320160329
2016-06-19,2016-03-29,4956,2,495620160329
2016-06-19,2016-03-29,6034,2,603420160329
2016-06-19,2016-03-29,6171,2,617120160329
2016-06-19,2016-03-29,7183,3,718320160329
2016-06-19,2016-03-29,7564,2,756420160329
2016-06-19,2016-03-29,9055,2,905520160329
2016-06-19,2016-04-26,2910,2,291020160426
2016-06-19,2016-04-26,3195,4,319520160426
2016-06-19,2016-04-26,3666,2,366620160426
2016-06-19,2016-05-27,2303,2,230320160527
2016-06-19,2016-05-27,3915,2,391520160527
2016-06-19,2016-05-27,6064,3,606420160527
2016-06-19,2016-05-27,6070,2,607020160527
2016-06-19,2016-05-27,7630,2,763020160527
2016-06-19,2016-05-27,8282,2,828220160527
2016-06-19,2016-05-27,9313,0.5,931320160527
2016-06-19,2016-05-27,9511,1.5,951120160527
2016-06-19,2016-06-28,1435,2,143520160628
2016-06-19,2016-06-28,2428,2,242820160628
2016-06-19,2016-06-28,2501,0.2,250120160628
2016-06-19,2016-06-28,3299,2,329920160628
2016-06-19,2016-06-28,3902,2,390220160628
2016-06-19,2016-06-28,3904,2,390420160628
2016-06-19,2016-06-28,3926,2,392620160628
2016-06-19,2016-06-28,3927,2,392720160628
2016-06-19,2016-06-28,4004,0.1,400420160628
2016-06-19,2016-06-28,4631,0.1,463120160628
2016-06-19,2016-06-28,4967,2,496720160628
2016-06-19,2016-06-28,6619,2,661920160628
2016-06-19,2016-06-28,7314,2,731420160628
2016-06-19,2016-06-28,7636,2,763620160628
2016-06-19,2016-06-28,8202,0.1,820220160628
2016-06-19,2016-06-28,8397,1.2,839720160628
2016-06-19,2016-06-28,8914,0.1,891420160628
2016-06-19,2016-06-28,9731,0.1,973120160628
2016-06-19,2016-07-27,3955,0.5,395520160727
2016-06-19,2016-07-27,9042,0.2,904220160727
2016-06-19,2016-07-27,9681,0.5,968120160727
2016-06-19,2016-08-29,2687,0.1,268720160829
2016-06-19,2016-08-29,7975,0.1,797520160829
2016-06-19,2016-08-29,8260,0.1,826020160829
2016-06-19,2016-08-29,8274,0.1,827420160829
2016-06-19,2016-08-29,9835,0.4,983520160829
2016-06-19,2016-09-15,9950,0.2,995020160915
2016-06-19,2016-09-28,1301,0.1,130120160928
2016-06-19,2016-09-28,1515,0.1,151520160928
2016-06-19,2016-09-28,1518,0.1,151820160928
2016-06-19,2016-09-28,1885,0.1,188520160928
2016-06-19,2016-09-28,1904,0.5,190420160928
2016-06-19,2016-09-28,1931,0.2,193120160928
2016-06-19,2016-09-28,1937,0.2,193720160928
2016-06-19,2016-09-28,1956,0.1,195620160928
2016-06-19,2016-09-28,1972,0.1,197220160928
2016-06-19,2016-09-28,1975,0.2,197520160928
2016-06-19,2016-09-28,2001,0.5,200120160928
2016-06-19,2016-09-28,2003,0.1,200320160928
2016-06-19,2016-09-28,2108,0.1,210820160928
2016-06-19,2016-09-28,2109,0.2,210920160928
2016-06-19,2016-09-28,2201,0.2,220120160928
2016-06-19,2016-09-28,2204,0.1,220420160928
2016-06-19,2016-09-28,2209,0.5,220920160928
2016-06-19,2016-09-28,2286,0.1,228620160928
2016-06-19,2016-09-28,2613,0.1,261320160928
2016-06-19,2016-09-28,2804,0.1,280420160928
2016-06-19,2016-09-28,2871,0.5,287120160928
2016-06-19,2016-09-28,3010,0.1,301020160928
2016-06-19,2016-09-28,3011,0.5,301120160928
2016-06-19,2016-09-28,3104,0.1,310420160928
2016-06-19,2016-09-28,3306,0.1,330620160928
2016-06-19,2016-09-28,3374,0.5,337420160928
2016-06-19,2016-09-28,3401,0.2,340120160928
2016-06-19,2016-09-28,3408,0.1,340820160928
2016-06-19,2016-09-28,3708,0.1,370820160928
2016-06-19,2016-09-28,3864,0.1,386420160928
2016-06-19,2016-09-28,3954,0.5,395420160928
2016-06-19,2016-09-28,4008,0.2,400820160928
2016-06-19,2016-09-28,4023,0.1,402320160928
2016-06-19,2016-09-28,4028,0.1,402820160928
2016-06-19,2016-09-28,4102,0.2,410220160928
2016-06-19,2016-09-28,4112,0.1,411220160928
2016-06-19,2016-09-28,4182,0.5,418220160928
2016-06-19,2016-09-28,4224,0.1,422420160928
2016-06-19,2016-09-28,4228,0.5,422820160928
2016-06-19,2016-09-28,4229,0.1,422920160928
2016-06-19,2016-09-28,4471,0.2,447120160928
2016-06-19,2016-09-28,4538,0.1,453820160928
2016-06-19,2016-09-28,4539,0.1,453920160928
2016-06-19,2016-09-28,4918,0.1,491820160928
2016-06-19,2016-09-28,5142,0.1,514220160928
2016-06-19,2016-09-28,5195,0.5,519520160928
2016-06-19,2016-09-28,5202,0.1,520220160928
2016-06-19,2016-09-28,5237,0.5,523720160928
2016-06-19,2016-09-28,5331,0.1,533120160928
2016-06-19,2016-09-28,5406,0.1,540620160928
2016-06-19,2016-09-28,5408,0.1,540820160928
2016-06-19,2016-09-28,5410,0.1,541020160928
2016-06-19,2016-09-28,5446,0.2,544620160928
2016-06-19,2016-09-28,5464,0.2,546420160928
2016-06-19,2016-09-28,5482,0.1,548220160928
2016-06-19,2016-09-28,5491,0.1,549120160928
2016-06-19,2016-09-28,5602,0.1,560220160928
2016-06-19,2016-09-28,5631,0.2,563120160928
2016-06-19,2016-09-28,5711,0.1,571120160928
2016-06-19,2016-09-28,5753,0.1,575320160928
2016-06-19,2016-09-28,5801,0.1,580120160928
2016-06-19,2016-09-28,5915,0.1,591520160928
2016-06-19,2016-09-28,5981,0.1,598120160928
2016-06-19,2016-09-28,5983,0.1,598320160928
2016-06-19,2016-09-28,5994,0.2,599420160928
2016-06-19,2016-09-28,6208,0.1,620820160928
2016-06-19,2016-09-28,6306,0.2,630620160928
2016-06-19,2016-09-28,6317,0.1,631720160928
2016-06-19,2016-09-28,6361,0.2,636120160928
2016-06-19,2016-09-28,6362,0.1,636220160928
2016-06-19,2016-09-28,6390,0.2,639020160928
2016-06-19,2016-09-28,6462,0.1,646220160928
2016-06-19,2016-09-28,6623,0.2,662320160928
2016-06-19,2016-09-28,6655,0.5,665520160928
2016-06-19,2016-09-28,6703,0.1,670320160928
2016-06-19,2016-09-28,6751,0.2,675120160928
2016-06-19,2016-09-28,6846,0.1,684620160928
2016-06-19,2016-09-28,6919,0.5,691920160928
2016-06-19,2016-09-28,6928,0.1,692820160928
2016-06-19,2016-09-28,6962,0.2,696220160928
2016-06-19,2016-09-28,7122,0.1,712220160928
2016-06-19,2016-09-28,7231,0.1,723120160928
2016-06-19,2016-09-28,7462,0.1,746220160928
2016-06-19,2016-09-28,7562,0.1,756220160928
2016-06-19,2016-09-28,7723,0.1,772320160928
2016-06-19,2016-09-28,7735,0.2,773520160928
2016-06-19,2016-09-28,7758,0.1,775820160928
2016-06-19,2016-09-28,7905,0.2,790520160928
2016-06-19,2016-09-28,7981,0.5,798120160928
2016-06-19,2016-09-28,7991,0.1,799120160928
2016-06-19,2016-09-28,7995,0.2,799520160928
2016-06-19,2016-09-28,8038,0.1,803820160928
2016-06-19,2016-09-28,8039,0.1,803920160928
2016-06-19,2016-09-28,8071,0.2,807120160928
2016-06-19,2016-09-28,8075,0.1,807520160928
2016-06-19,2016-09-28,8105,0.5,810520160928
2016-06-19,2016-09-28,8132,0.2,813220160928
2016-06-19,2016-09-28,8144,0.5,814420160928
2016-06-19,2016-09-28,8215,0.1,821520160928
2016-06-19,2016-09-28,8309,0.1,830920160928
2016-06-19,2016-09-28,8325,0.1,832520160928
2016-06-19,2016-09-28,8367,0.1,836720160928
2016-06-19,2016-09-28,8374,0.1,837420160928
2016-06-19,2016-09-28,8377,0.1,837720160928
2016-06-19,2016-09-28,8383,0.1,838320160928
2016-06-19,2016-09-28,8521,0.1,852120160928
2016-06-19,2016-09-28,8522,0.1,852220160928
2016-06-19,2016-09-28,8529,0.1,852920160928
2016-06-19,2016-09-28,8530,0.1,853020160928
2016-06-19,2016-09-28,8541,0.2,854120160928
2016-06-19,2016-09-28,8542,0.1,854220160928
2016-06-19,2016-09-28,8543,0.1,854320160928
2016-06-19,2016-09-28,9007,0.5,900720160928
2016-06-19,2016-09-28,9009,0.5,900920160928
2016-06-19,2016-09-28,9074,0.1,907420160928
2016-06-19,2016-09-28,9305,0.1,930520160928
2016-06-19,2016-09-28,9407,0.2,940720160928
2016-06-19,2016-09-28,9537,0.1,953720160928
2016-06-19,2016-09-28,9625,0.5,962520160928
2016-06-19,2016-09-28,9675,0.1,967520160928
2016-06-19,2016-09-28,9701,0.1,970120160928
